Text,Sentiment,Hashtags,Retweets,Likes,Month,Hour
0.3032440056417489,0.7561837455830389,0.09155937052932761,0.375,0.2857142857142857,0.0,0.5217391304347826
0.10155148095909731,0.6890459363957597,0.17739628040057226,0.125,0.0,0.0,0.34782608695652173
0.9760225669957687,0.7561837455830389,0.7582260371959942,0.5,0.42857142857142855,0.0,0.6521739130434783
0.6022566995768688,0.7561837455830389,0.9599427753934192,0.2,0.07142857142857142,0.0,0.782608695652174
0.1156558533145275,0.696113074204947,0.3147353361945637,0.3,0.21428571428571427,0.0,0.8260869565217391
0.07334273624823695,0.7561837455830389,0.7024320457796852,0.625,0.5714285714285714,0.0,0.391304347826087
0.06770098730606489,0.7561837455830389,1.0,0.25,0.14285714285714285,0.0,0.6086956521739131
0.04090267983074753,0.7561837455830389,0.06580829756795423,0.375,0.2857142857142857,0.0,0.8260869565217391
0.31875881523272215,0.6890459363957597,0.1659513590844063,0.75,0.7142857142857143,0.0,0.34782608695652173
0.22708039492242596,0.696113074204947,0.41487839771101576,0.45,0.35714285714285715,0.0,0.5217391304347826
0.9125528913963329,0.7561837455830389,0.7238912732474965,0.55,0.5,0.0,0.6521739130434783
0.00846262341325811,0.6890459363957597,0.4263233190271817,0.175,0.07142857142857142,0.0,0.43478260869565216
0.08321579689703808,0.7561837455830389,0.6008583690987125,0.3,0.21428571428571427,0.0,0.6086956521739131
0.7926657263751763,0.7561837455830389,0.4291845493562232,0.7,0.6428571428571429,0.0,0.782608695652174
0.61212976022567,0.696113074204947,0.4449213161659514,0.375,0.2857142857142857,0.0,0.391304347826087
0.1692524682651622,0.7561837455830389,0.351931330472103,0.5,0.42857142857142855,0.0,0.5652173913043478
0.922425952045134,0.7561837455830389,0.15021459227467812,0.375,0.2857142857142857,0.0,0.7391304347826086
0.5811001410437235,0.7561837455830389,0.6552217453505007,0.45,0.35714285714285715,0.0,0.0
0.7827926657263752,0.696113074204947,0.5736766809728183,0.625,0.5714285714285714,0.0,0.4782608695652174
0.24400564174894218,0.6890459363957597,0.9370529327610873,0.2,0.07142857142857142,0.0,0.6521739130434783
0.8110014104372355,0.7561837455830389,0.4206008583690987,0.55,0.5,0.0,0.34782608695652173
0.8222849083215797,0.7561837455830389,0.33047210300429186,0.375,0.2857142857142857,0.0,0.5652173913043478
0.4992947813822285,0.7561837455830389,0.9685264663805436,0.75,0.7142857142857143,0.0,0.6956521739130435
0.846262341325811,0.7561837455830389,0.6838340486409156,0.5,0.42857142857142855,0.0,0.391304347826087
0.2947813822284908,0.7561837455830389,0.3719599427753934,0.3,0.21428571428571427,0.0,0.6086956521739131
0.5585331452750353,0.7561837455830389,0.9084406294706724,0.375,0.2857142857142857,0.0,0.5217391304347826
0.4118476727785614,0.7561837455830389,0.8741058655221745,0.625,0.5714285714285714,0.0,0.6956521739130435
0.5303244005641748,0.7561837455830389,0.6852646638054364,0.375,0.2857142857142857,0.0,0.8260869565217391
0.1311706629055007,0.7561837455830389,0.001430615164520744,0.55,0.5,0.0,0.4782608695652174
0.32016925246826516,0.7561837455830389,0.2918454935622318,0.3,0.21428571428571427,0.0,0.6521739130434783
0.2679830747531735,0.7561837455830389,0.4520743919885551,0.45,0.35714285714285715,0.0,0.7391304347826086
0.5754583921015515,0.7561837455830389,0.8855507868383404,0.375,0.2857142857142857,0.0,0.782608695652174
0.921015514809591,0.7561837455830389,0.05150214592274678,0.75,0.7142857142857143,0.0,0.5652173913043478
0.9802538787023978,0.7561837455830389,0.463519313304721,0.625,0.5714285714285714,0.0,0.391304347826087
0.5782792665726375,0.7561837455830389,0.12017167381974249,0.375,0.2857142857142857,0.0,0.6086956521739131
0.9633286318758815,0.7561837455830389,0.5550786838340487,0.55,0.5,0.0,0.7391304347826086
0.06488011283497884,0.7561837455830389,0.015736766809728183,0.45,0.35714285714285715,0.0,0.8695652173913043
0.6346967559943583,0.7561837455830389,0.34763948497854075,0.375,0.2857142857142857,0.0,0.5217391304347826
0.847672778561354,0.7561837455830389,0.3834048640915594,0.3,0.21428571428571427,0.0,0.6956521739130435
0.6699576868829337,0.7561837455830389,0.2446351931330472,0.75,0.7142857142857143,0.0,0.391304347826087
0.7870239774330042,0.7561837455830389,0.7410586552217453,0.625,0.5714285714285714,0.0,0.6086956521739131
0.5063469675599436,0.7561837455830389,0.4363376251788269,0.375,0.2857142857142857,0.0,0.8260869565217391
0.039492242595204514,0.7561837455830389,0.7067238912732475,0.55,0.5,0.0,0.7391304347826086
0.5317348377997179,0.7561837455830389,0.41630901287553645,0.45,0.35714285714285715,0.0,0.8695652173913043
0.9562764456981664,0.7561837455830389,0.5064377682403434,0.375,0.2857142857142857,0.0,0.4782608695652174
0.8053596614950634,0.7561837455830389,0.9384835479256081,0.3,0.21428571428571427,0.0,0.6521739130434783
0.5472496473906912,0.7561837455830389,0.41917024320457796,0.7,0.6428571428571429,0.0,0.782608695652174
0.33991537376586745,0.7561837455830389,0.8469241773962805,0.375,0.2857142857142857,0.0,0.43478260869565216
0.8208744710860366,0.7561837455830389,0.8326180257510729,0.5,0.42857142857142855,0.0,0.8260869565217391
0.6177715091678421,0.7561837455830389,0.5579399141630901,0.375,0.2857142857142857,0.0,0.6956521739130435
0.926657263751763,0.7561837455830389,0.5107296137339056,0.55,0.5,0.09090909090909091,0.34782608695652173
0.9943582510578279,0.7561837455830389,0.4792560801144492,0.45,0.35714285714285715,0.09090909090909091,0.5652173913043478
0.2834978843441467,0.053003533568904596,0.7167381974248928,0.5,0.42857142857142855,0.09090909090909091,0.391304347826087
0.16502115655853314,0.40636042402826855,0.2374821173104435,0.375,0.2857142857142857,0.09090909090909091,0.9130434782608695
0.2863187588152327,0.8480565371024735,0.6051502145922747,0.625,0.5714285714285714,0.09090909090909091,0.6086956521739131
0.47531734837799716,0.29328621908127206,0.5836909871244635,0.45,0.35714285714285715,0.09090909090909091,0.782608695652174
0.6459802538787024,0.4840989399293286,0.10014306151645208,0.75,0.7142857142857143,0.09090909090909091,0.43478260869565216
0.4076163610719323,0.6113074204946997,0.5665236051502146,0.55,0.5,0.09090909090909091,0.8260869565217391
0.2073342736248237,0.6501766784452296,0.06723891273247497,0.375,0.2857142857142857,0.09090909090909091,0.34782608695652173
0.6586741889985895,0.045936395759717315,0.7825464949928469,0.45,0.35714285714285715,0.09090909090909091,0.6086956521739131
0.5655853314527504,0.35335689045936397,0.7997138769670958,0.625,0.5714285714285714,0.09090909090909091,0.8260869565217391
0.4414668547249647,0.014134275618374558,0.4821173104434907,0.5,0.42857142857142855,0.09090909090909091,0.4782608695652174
0.19040902679830748,0.03180212014134275,0.5450643776824035,0.375,0.2857142857142857,0.09090909090909091,0.6956521739130435
0.036671368124118475,0.09187279151943463,0.6251788268955651,0.55,0.5,0.09090909090909091,0.8695652173913043
0.43723554301833567,0.2826855123674912,0.46924177396280403,0.45,0.35714285714285715,0.09090909090909091,0.391304347826087
0.5514809590973202,0.9081272084805654,0.38912732474964234,0.625,0.5714285714285714,0.09090909090909091,0.6086956521739131
0.5895627644569816,0.0,0.34334763948497854,0.375,0.2857142857142857,0.09090909090909091,0.782608695652174
0.763046544428773,0.02120141342756184,0.22603719599427755,0.55,0.5,0.09090909090909091,0.43478260869565216
0.8674188998589563,0.05653710247349823,0.949928469241774,0.5,0.42857142857142855,0.09090909090909091,0.30434782608695654
0.5740479548660085,0.10954063604240283,0.8354792560801144,0.45,0.35714285714285715,0.09090909090909091,0.6521739130434783
0.923836389280677,0.13427561837455831,0.30042918454935624,0.375,0.2857142857142857,0.09090909090909091,0.391304347826087
0.6276445698166432,0.18374558303886926,0.03719599427753934,0.625,0.5714285714285714,0.09090909090909091,0.6086956521739131
0.0535966149506347,0.392226148409894,0.9241773962804005,0.55,0.5,0.09090909090909091,0.782608695652174
0.2538787023977433,0.6219081272084805,0.9298998569384835,0.5,0.42857142857142855,0.09090909090909091,0.4782608695652174
0.3695345557122708,0.7703180212014135,0.3190271816881259,0.75,0.7142857142857143,0.09090909090909091,0.6956521739130435
0.7080394922425952,0.8763250883392226,0.771101573676681,0.375,0.2857142857142857,0.09090909090909091,0.8260869565217391
0.8335684062059239,0.053003533568904596,0.3104434907010014,0.5,0.42857142857142855,0.09090909090909091,0.391304347826087
0.17489421720733428,0.40636042402826855,0.5765379113018598,0.375,0.2857142857142857,0.09090909090909091,0.9130434782608695
0.9153737658674189,0.8480565371024735,0.044349070100143065,0.625,0.5714285714285714,0.09090909090909091,0.6086956521739131
0.23272214386459802,0.29328621908127206,0.3290414878397711,0.45,0.35714285714285715,0.09090909090909091,0.782608695652174
0.8688293370944993,0.4840989399293286,0.22031473533619456,0.75,0.7142857142857143,0.09090909090909091,0.43478260869565216
0.8942172073342737,0.6113074204946997,0.017167381974248927,0.55,0.5,0.09090909090909091,0.8260869565217391
0.8011283497884344,0.6501766784452296,0.06723891273247497,0.375,0.2857142857142857,0.09090909090909091,0.34782608695652173
0.06064880112834979,0.045936395759717315,0.547925608011445,0.45,0.35714285714285715,0.09090909090909091,0.6086956521739131
0.4682651622002821,0.35335689045936397,0.02575107296137339,0.625,0.5714285714285714,0.09090909090909091,0.8260869565217391
0.22849083215796898,0.014134275618374558,0.4406294706723891,0.5,0.42857142857142855,0.09090909090909091,0.4782608695652174
0.6713681241184767,0.03180212014134275,0.8669527896995708,0.375,0.2857142857142857,0.09090909090909091,0.6956521739130435
0.12834978843441466,0.09187279151943463,0.9012875536480687,0.55,0.5,0.09090909090909091,0.8695652173913043
0.05500705218617771,0.2826855123674912,0.004291845493562232,0.45,0.35714285714285715,0.09090909090909091,0.391304347826087
0.5021156558533145,0.9081272084805654,0.09298998569384835,0.625,0.5714285714285714,0.09090909090909091,0.6086956521739131
0.9393511988716502,0.0,0.7782546494992847,0.375,0.2857142857142857,0.09090909090909091,0.782608695652174
0.004231311706629055,0.02120141342756184,0.9928469241773963,0.55,0.5,0.09090909090909091,0.43478260869565216
0.5444287729196051,0.05653710247349823,0.2474964234620887,0.5,0.42857142857142855,0.09090909090909091,0.30434782608695654
0.6741889985895627,0.10954063604240283,0.23891273247496422,0.45,0.35714285714285715,0.09090909090909091,0.6521739130434783
0.6544428772919605,0.13427561837455831,0.8068669527896996,0.375,0.2857142857142857,0.09090909090909091,0.391304347826087
0.3638928067700987,0.18374558303886926,0.6151645207439199,0.625,0.5714285714285714,0.09090909090909091,0.6086956521739131
0.8631875881523272,0.392226148409894,0.474964234620887,0.55,0.5,0.09090909090909091,0.782608695652174
0.38928067700987307,0.6219081272084805,0.02145922746781116,0.5,0.42857142857142855,0.09090909090909091,0.4782608695652174
0.029619181946403384,0.7703180212014135,0.04291845493562232,0.75,0.7142857142857143,0.09090909090909091,0.6956521739130435
0.5190409026798307,0.8763250883392226,0.771101573676681,0.375,0.2857142857142857,0.09090909090909091,0.8260869565217391
0.20310296191819463,0.0,0.3447782546494993,0.55,0.5,0.18181818181818182,0.43478260869565216
0.005641748942172073,0.392226148409894,0.580829756795422,0.45,0.35714285714285715,0.18181818181818182,0.5652173913043478
0.3004231311706629,0.10954063604240283,0.41201716738197425,0.375,0.2857142857142857,0.18181818181818182,0.7391304347826086
0.18758815232722145,0.13427561837455831,0.7725321888412017,0.375,0.2857142857142857,0.18181818181818182,0.782608695652174
0.8956276445698167,0.18021201413427562,0.0715307582260372,0.75,0.7142857142857143,0.18181818181818182,0.5652173913043478
0.5486600846262342,0.38869257950530034,0.32331902718168815,0.625,0.5714285714285714,0.18181818181818182,0.6956521739130435
0.383638928067701,0.6219081272084805,0.1917024320457797,0.55,0.5,0.18181818181818182,0.4782608695652174
0.3906911142454161,0.7703180212014135,0.0815450643776824,0.3,0.21428571428571427,0.18181818181818182,0.6086956521739131
0.9675599435825106,0.872791519434629,0.25894134477825465,0.375,0.2857142857142857,0.18181818181818182,0.5217391304347826
0.7348377997179125,0.31448763250883394,0.9628040057224606,0.5,0.42857142857142855,0.36363636363636365,0.6521739130434783
0.8871650211565585,0.38515901060070673,0.5121602288984263,0.375,0.2857142857142857,0.6363636363636364,0.9130434782608695
0.691114245416079,0.20141342756183744,0.6065808297567954,0.625,0.5714285714285714,0.45454545454545453,0.6086956521739131
0.385049365303244,0.8657243816254417,0.8812589413447782,0.45,0.35714285714285715,0.09090909090909091,0.782608695652174
0.11988716502115655,0.4664310954063604,0.49213161659513593,0.75,0.7142857142857143,0.9090909090909091,0.43478260869565216
0.6473906911142454,0.5335689045936396,0.26180257510729615,0.55,0.5,0.2727272727272727,0.8260869565217391
0.1622002820874471,0.33568904593639576,0.5693848354792561,0.375,0.2857142857142857,0.7272727272727273,0.34782608695652173
0.7023977433004231,0.16607773851590105,0.49356223175965663,0.45,0.35714285714285715,0.5454545454545454,0.6086956521739131
0.306064880112835,0.9222614840989399,0.2088698140200286,0.625,0.5714285714285714,0.09090909090909091,0.8260869565217391
0.6572637517630465,0.07773851590106007,0.5722460658082976,0.5,0.42857142857142855,0.8181818181818182,0.4782608695652174
0.6629055007052186,0.36042402826855124,0.6752503576537912,0.375,0.2857142857142857,0.45454545454545453,0.6956521739130435
0.6995768688293371,0.4381625441696113,0.8755364806866953,0.55,0.5,0.18181818181818182,0.782608695652174
0.6727785613540197,0.8303886925795053,0.27753934191702434,0.45,0.35714285714285715,0.9090909090909091,0.6521739130434783
0.843441466854725,0.31448763250883394,0.530758226037196,0.625,0.5714285714285714,0.2727272727272727,0.391304347826087
0.5825105782792666,0.38515901060070673,0.6094420600858369,0.375,0.2857142857142857,0.45454545454545453,0.6086956521739131
0.9012693935119888,0.20141342756183744,0.7396280400572246,0.75,0.7142857142857143,0.6363636363636364,0.43478260869565216
0.23554301833568406,0.8657243816254417,0.5293276108726752,0.55,0.5,0.7272727272727273,0.8260869565217391
0.06346967559943582,0.4664310954063604,0.32474964234620884,0.375,0.2857142857142857,0.18181818181818182,0.34782608695652173
0.29901269393511987,0.5335689045936396,0.8111587982832618,0.45,0.35714285714285715,1.0,0.6956521739130435
0.8081805359661495,0.33568904593639576,0.6680972818311874,0.625,0.5714285714285714,0.5454545454545454,0.4782608695652174
0.8913963328631875,0.16607773851590105,0.5793991416309013,0.45,0.35714285714285715,1.0,0.6086956521739131
0.4245416078984485,0.9222614840989399,0.8898426323319027,0.625,0.5714285714285714,0.09090909090909091,0.8260869565217391
0.39633286318758815,0.07773851590106007,0.43490701001430615,0.5,0.42857142857142855,0.2727272727272727,0.4782608695652174
0.25105782792665726,0.36042402826855124,0.23319027181688126,0.375,0.2857142857142857,0.7272727272727273,0.6956521739130435
0.31734837799717913,0.4381625441696113,0.39628040057224606,0.55,0.5,0.45454545454545453,0.782608695652174
0.7291960507757405,0.8303886925795053,0.34620886981402005,0.45,0.35714285714285715,0.9090909090909091,0.6521739130434783
0.7249647390691114,0.31448763250883394,0.06866952789699571,0.625,0.5714285714285714,0.18181818181818182,0.391304347826087
0.9464033850493653,0.31448763250883394,0.6437768240343348,0.5,0.42857142857142855,0.09090909090909091,0.6086956521739131
0.6248236953455572,0.38515901060070673,0.5593705293276109,0.375,0.2857142857142857,0.9090909090909091,0.9130434782608695
0.06205923836389281,0.20141342756183744,0.47353361945636624,0.625,0.5714285714285714,0.7272727272727273,0.5652173913043478
0.45557122708039494,0.8657243816254417,0.8798283261802575,0.45,0.35714285714285715,0.5454545454545454,0.782608695652174
0.10578279266572638,0.4664310954063604,0.24606580829756797,0.75,0.7142857142857143,0.2727272727272727,0.43478260869565216
0.29619181946403383,0.5335689045936396,0.22746781115879827,0.55,0.5,1.0,0.8260869565217391
0.7729196050775741,0.33568904593639576,0.7281831187410587,0.375,0.2857142857142857,0.45454545454545453,0.34782608695652173
0.5923836389280677,0.1625441696113074,0.12160228898426323,0.45,0.35714285714285715,0.0,0.6086956521739131
0.6431593794076164,0.9222614840989399,0.35765379113018597,0.625,0.5714285714285714,1.0,0.8260869565217391
0.6488011283497884,0.07773851590106007,0.2804005722460658,0.5,0.42857142857142855,0.18181818181818182,0.391304347826087
0.8067700987306065,0.36042402826855124,0.45493562231759654,0.375,0.2857142857142857,0.7272727272727273,0.6956521739130435
0.8349788434414669,0.4416961130742049,0.2947067238912732,0.55,0.5,0.6363636363636364,0.782608695652174
0.9816643159379408,0.8268551236749117,0.46065808297567956,0.45,0.35714285714285715,0.9090909090909091,0.6521739130434783
0.4330042313117066,0.31448763250883394,0.49928469241773965,0.625,0.5714285714285714,0.45454545454545453,0.43478260869565216
0.012693935119887164,0.38515901060070673,0.3261802575107296,0.375,0.2857142857142857,0.2727272727272727,0.4782608695652174
0.8124118476727785,0.20141342756183744,0.8426323319027181,0.75,0.7142857142857143,0.9090909090909091,0.8695652173913043
0.028208744710860368,0.8657243816254417,0.24320457796852646,0.55,0.5,0.5454545454545454,0.782608695652174
0.7531734837799718,0.4664310954063604,0.48783977110157367,0.375,0.2857142857142857,0.18181818181818182,0.4782608695652174
0.764456981664316,0.5335689045936396,0.7839771101573677,0.45,0.35714285714285715,0.8181818181818182,0.6956521739130435
0.5966149506346967,0.33568904593639576,0.9814020028612304,0.625,0.5714285714285714,0.5454545454545454,0.5652173913043478
0.8998589562764457,0.16607773851590105,0.6995708154506438,0.45,0.35714285714285715,1.0,0.6086956521739131
0.32863187588152326,0.9222614840989399,0.45064377682403434,0.625,0.5714285714285714,0.09090909090909091,0.8260869565217391
0.11847672778561354,0.07773851590106007,0.18741058655221746,0.5,0.42857142857142855,0.7272727272727273,0.4782608695652174
0.4019746121297602,0.36042402826855124,0.1630901287553648,0.375,0.2857142857142857,0.2727272727272727,0.6956521739130435
0.7376586741889986,0.4416961130742049,0.9456366237482118,0.55,0.5,0.9090909090909091,0.782608695652174
0.46685472496473907,0.8268551236749117,0.7138769670958512,0.45,0.35714285714285715,0.36363636363636365,0.6521739130434783
0.6981664315937941,0.31095406360424027,0.8011444921316166,0.625,0.5714285714285714,0.09090909090909091,0.391304347826087
0.3935119887165021,0.26501766784452296,0.9098712446351931,0.125,0.0,0.18181818181818182,0.34782608695652173
0.840620592383639,0.47703180212014135,0.21316165951359084,0.2,0.07142857142857142,0.5454545454545454,0.6521739130434783
0.08744710860366714,0.6360424028268551,0.17167381974248927,0.25,0.14285714285714285,0.9090909090909091,0.9130434782608695
0.7207334273624824,0.6007067137809188,0.7510729613733905,0.3,0.21428571428571427,0.6363636363636364,0.4782608695652174
0.9901269393511989,0.8162544169611308,0.2632331902718169,0.175,0.07142857142857142,0.36363636363636365,0.6086956521739131
0.609308885754584,0.43462897526501765,0.9341917024320457,0.25,0.14285714285714285,0.0,0.6956521739130435
0.43582510578279265,0.127208480565371,0.09871244635193133,0.2,0.07142857142857142,0.7272727272727273,0.8260869565217391
0.5796897038081805,0.06713780918727916,0.871244635193133,0.3,0.21428571428571427,0.2727272727272727,0.391304347826087
0.2651622002820874,0.5830388692579506,0.9055793991416309,0.375,0.2857142857142857,1.0,0.782608695652174
0.5091678420310296,0.5265017667844523,0.39914163090128757,0.2,0.07142857142857142,0.45454545454545453,0.6086956521739131
0.4978843441466855,0.3710247349823322,0.8783977110157367,0.25,0.14285714285714285,0.9090909090909091,0.4782608695652174
0.7785613540197461,0.8021201413427562,0.17882689556509299,0.3,0.21428571428571427,0.6363636363636364,0.6956521739130435
0.4132581100141044,0.2968197879858657,0.7868383404864091,0.175,0.07142857142857142,0.09090909090909091,0.391304347826087
0.9478138222849083,0.26148409893992935,0.6795422031473534,0.25,0.14285714285714285,0.2727272727272727,0.8695652173913043
0.6403385049365303,0.47703180212014135,0.16738197424892703,0.3,0.21428571428571427,0.8181818181818182,0.6521739130434783
0.6812411847672779,0.6289752650176679,0.20600858369098712,0.375,0.2857142857142857,0.5454545454545454,0.782608695652174
0.6840620592383639,0.6007067137809188,0.6509298998569385,0.2,0.07142857142857142,0.45454545454545453,0.6956521739130435
0.5571227080394923,0.8162544169611308,0.9828326180257511,0.25,0.14285714285714285,0.0,0.5217391304347826
0.4231311706629055,0.43109540636042404,0.9155937052932761,0.3,0.21428571428571427,0.2727272727272727,0.6086956521739131
0.5726375176304654,0.127208480565371,0.07010014306151645,0.175,0.07142857142857142,0.9090909090909091,0.8260869565217391
0.05218617771509168,0.0636042402826855,0.6723891273247496,0.25,0.14285714285714285,0.7272727272727273,0.391304347826087
0.4809590973201692,0.5795053003533569,0.6351931330472103,0.375,0.2857142857142857,0.8181818181818182,0.782608695652174
0.8152327221438646,0.5229681978798587,0.6266094420600858,0.2,0.07142857142857142,0.36363636363636365,0.6086956521739131
0.4315937940761636,0.3710247349823322,0.39198855507868385,0.25,0.14285714285714285,0.18181818181818182,0.4782608695652174
0.4767277856135402,0.8021201413427562,0.2761087267525036,0.3,0.21428571428571427,1.0,0.6956521739130435
0.9534555712270804,0.2968197879858657,0.32045779685264664,0.175,0.07142857142857142,0.5454545454545454,0.391304347826087
0.12411847672778561,0.26501766784452296,0.894134477825465,0.25,0.14285714285714285,0.6363636363636364,0.8695652173913043
0.2820874471086037,0.47703180212014135,0.5894134477825465,0.3,0.21428571428571427,0.09090909090909091,0.6521739130434783
0.49506346967559944,0.6289752650176679,0.23605150214592274,0.375,0.2857142857142857,0.7272727272727273,0.782608695652174
0.9830747531734838,0.5971731448763251,0.5436337625178826,0.2,0.07142857142857142,0.6363636363636364,0.6956521739130435
0.5698166431593794,0.8162544169611308,0.5536480686695279,0.25,0.14285714285714285,0.0,0.5217391304347826
0.844851904090268,0.43462897526501765,0.28898426323319026,0.3,0.21428571428571427,0.2727272727272727,0.6086956521739131
0.03526093088857546,0.127208480565371,0.6895565092989986,0.175,0.07142857142857142,0.8181818181818182,0.8260869565217391
0.3511988716502116,0.24028268551236748,0.48068669527896996,0.375,0.2857142857142857,0.2727272727272727,0.43478260869565216
0.6826516220028209,0.558303886925795,0.40915593705293274,0.175,0.07142857142857142,0.9090909090909091,0.7391304347826086
0.5119887165021156,0.1872791519434629,0.9799713876967096,0.25,0.14285714285714285,0.2727272727272727,0.391304347826087
0.03244005641748942,0.7173144876325088,0.4864091559370529,0.2,0.07142857142857142,0.6363636363636364,0.6086956521739131
0.20874471086036672,0.6607773851590106,0.6108726752503576,0.3,0.21428571428571427,0.45454545454545453,0.8695652173913043
0.6234132581100141,0.7102473498233216,0.7253218884120172,0.25,0.14285714285714285,0.09090909090909091,0.6521739130434783
0.92524682651622,0.04240282685512368,0.06294706723891273,0.3,0.21428571428571427,0.36363636363636365,0.4782608695652174
0.14386459802538787,0.0035335689045936395,0.7782546494992847,0.375,0.2857142857142857,0.0,0.6956521739130435
0.5839210155148096,0.2756183745583039,0.8183118741058655,0.25,0.14285714285714285,0.7272727272727273,0.5652173913043478
0.16361071932299012,0.8692579505300353,0.592274678111588,0.3,0.21428571428571427,0.5454545454545454,0.8260869565217391
0.3751763046544429,0.24028268551236748,0.7052932761087267,0.5,0.42857142857142855,0.8181818181818182,0.34782608695652173
0.616361071932299,0.558303886925795,0.2718168812589413,0.25,0.14285714285714285,0.18181818181818182,0.6956521739130435
0.37376586741889983,0.1872791519434629,0.6523605150214592,0.375,0.2857142857142857,0.36363636363636365,0.4782608695652174
0.4696755994358251,0.7173144876325088,0.7310443490701002,0.2,0.07142857142857142,1.0,0.6086956521739131
0.8772919605077574,0.6607773851590106,0.19313304721030042,0.3,0.21428571428571427,0.18181818181818182,0.8260869565217391
0.8787023977433004,0.7102473498233216,0.765379113018598,0.25,0.14285714285714285,0.5454545454545454,0.6521739130434783
0.4823695345557123,0.04240282685512368,0.6452074391988555,0.3,0.21428571428571427,0.0,0.43478260869565216
0.9097320169252469,0.0035335689045936395,0.2989985693848355,0.375,0.2857142857142857,0.6363636363636364,0.6956521739130435
0.8843441466854725,0.2756183745583039,0.2246065808297568,0.45,0.35714285714285715,0.9090909090909091,0.5652173913043478
0.32581100141043723,0.8692579505300353,0.9127324749642346,0.625,0.5714285714285714,0.2727272727272727,0.8260869565217391
0.6008462623413258,0.24028268551236748,0.2646638054363376,0.55,0.5,0.2727272727272727,0.34782608695652173
0.3300423131170663,0.558303886925795,0.5708154506437768,0.225,0.11428571428571428,0.09090909090909091,0.7391304347826086
0.7912552891396333,0.1872791519434629,0.5879828326180258,0.35,0.2571428571428571,0.6363636363636364,0.5217391304347826
0.6558533145275035,0.7173144876325088,0.7668097281831188,0.25,0.14285714285714285,1.0,0.6521739130434783
0.3018335684062059,0.6607773851590106,0.21030042918454936,0.325,0.22857142857142856,0.18181818181818182,0.9130434782608695
0.5035260930888575,0.7102473498233216,0.1430615164520744,0.3,0.21428571428571427,0.45454545454545453,0.6086956521739131
0.45839210155148097,0.04240282685512368,0.11731044349070101,0.375,0.2857142857142857,0.5454545454545454,0.4782608695652174
0.1001410437235543,0.0035335689045936395,0.630901287553648,0.45,0.37142857142857144,0.36363636363636365,0.6956521739130435
0.3455571227080395,0.2756183745583039,0.43776824034334766,0.5,0.42857142857142855,0.7272727272727273,0.6086956521739131
0.9506346967559943,0.8692579505300353,0.8240343347639485,0.625,0.5714285714285714,0.09090909090909091,0.782608695652174
0.7954866008462623,0.558303886925795,0.4721030042918455,0.225,0.11428571428571428,0.18181818181818182,0.6956521739130435
0.4386459802538787,0.1872791519434629,0.6523605150214592,0.35,0.2571428571428571,0.36363636363636365,0.4782608695652174
0.02538787023977433,0.7173144876325088,0.18454935622317598,0.275,0.17142857142857143,0.8181818181818182,0.6086956521739131
0.2764456981664316,0.6607773851590106,0.8612303290414879,0.325,0.22857142857142856,0.0,0.8695652173913043
0.7799717912552891,0.7102473498233216,0.4907010014306152,0.3,0.21428571428571427,0.6363636363636364,0.6521739130434783
0.9929478138222849,0.04240282685512368,0.6566523605150214,0.375,0.2857142857142857,0.0,0.43478260869565216
0.5133991537376587,0.0035335689045936395,0.5321888412017167,0.45,0.37142857142857144,0.5454545454545454,0.6956521739130435
0.2566995768688293,0.2756183745583039,0.413447782546495,0.5,0.42857142857142855,1.0,0.5652173913043478
0.8236953455571228,0.8692579505300353,0.05436337625178827,0.625,0.5714285714285714,0.2727272727272727,0.8260869565217391
0.05782792665726375,0.24028268551236748,0.7195994277539342,0.55,0.5,0.36363636363636365,0.34782608695652173
0.1607898448519041,0.558303886925795,0.5708154506437768,0.225,0.11428571428571428,0.09090909090909091,0.7391304347826086
0.9111424541607899,0.1872791519434629,0.29756795422031473,0.35,0.2571428571428571,0.45454545454545453,0.5217391304347826
0.9689703808180536,0.7173144876325088,0.04005722460658083,0.25,0.14285714285714285,0.9090909090909091,0.6521739130434783
0.8194640338504936,0.6607773851590106,0.031473533619456366,0.325,0.22857142857142856,0.09090909090909091,0.9130434782608695
0.5641748942172073,0.7102473498233216,0.3805436337625179,0.3,0.21428571428571427,0.36363636363636365,0.6086956521739131
0.6036671368124118,0.04240282685512368,0.3948497854077253,0.375,0.2857142857142857,0.6363636363636364,0.4782608695652174
0.07193229901269393,0.0035335689045936395,0.51931330472103,0.45,0.37142857142857144,0.45454545454545453,0.6956521739130435
0.15796897038081806,0.2756183745583039,0.4892703862660944,0.5,0.42857142857142855,0.8181818181818182,0.6086956521739131
0.9661495063469676,0.8692579505300353,0.43204577968526464,0.625,0.5714285714285714,0.36363636363636365,0.8260869565217391
0.7404795486600846,0.24028268551236748,0.65379113018598,0.55,0.4857142857142857,1.0,0.391304347826087
0.7884344146685472,0.7137809187279152,0.9642346208869814,0.25,0.14285714285714285,0.9090909090909091,0.6521739130434783
0.8279266572637518,0.9823321554770318,0.709585121602289,0.375,0.2857142857142857,0.5454545454545454,0.7391304347826086
0.3131170662905501,0.1978798586572438,0.5078683834048641,0.45,0.37142857142857144,0.7272727272727273,0.8695652173913043
0.15937940761636107,0.5371024734982333,0.07868383404864092,0.3,0.2,0.2727272727272727,0.34782608695652173
0.4033850493653032,0.7773851590106007,0.2675250357653791,0.625,0.5714285714285714,1.0,0.5217391304347826
0.6332863187588152,0.44876325088339225,0.8283261802575107,0.5,0.42857142857142855,0.09090909090909091,0.391304347826087
0.4936530324400564,0.3321554770318021,0.9899856938483548,0.375,0.2857142857142857,0.2727272727272727,0.6086956521739131
0.6967559943582511,0.1696113074204947,0.9971387696709585,0.45,0.37142857142857144,0.45454545454545453,0.43478260869565216
0.09590973201692525,0.7455830388692579,0.002861230329041488,0.55,0.4857142857142857,0.5454545454545454,0.782608695652174
0.44287729196050774,0.4169611307420495,0.8397711015736766,0.5,0.42857142857142855,0.6363636363636364,0.4782608695652174
0.37799717912552894,0.5759717314487632,0.7324749642346209,0.375,0.2857142857142857,0.8181818181818182,0.6956521739130435
0.4894217207334274,0.5371024734982333,0.05722460658082976,0.3,0.2,0.8181818181818182,0.30434782608695654
0.5401974612129761,0.17667844522968199,0.698140200286123,0.625,0.5714285714285714,0.09090909090909091,0.5652173913043478
0.09167842031029619,0.8586572438162544,0.753934191702432,0.325,0.22857142857142856,0.36363636363636365,0.9565217391304348
0.13540197461212977,0.22614840989399293,0.7939914163090128,0.425,0.34285714285714286,0.9090909090909091,0.6086956521739131
0.7066290550070522,0.038869257950530034,0.9570815450643777,0.35,0.2571428571428571,0.7272727272727273,0.43478260869565216
0.41748942172073344,0.44876325088339225,0.6652360515021459,0.475,0.4,0.18181818181818182,0.8260869565217391
0.1763046544428773,0.9823321554770318,0.5364806866952789,0.4,0.3142857142857143,0.18181818181818182,0.6956521739130435
0.5218617771509168,0.1696113074204947,0.008583690987124463,0.525,0.45714285714285713,0.5454545454545454,0.5217391304347826
0.8025387870239774,0.7773851590106007,0.07439198855507868,0.575,0.5142857142857142,0.0,0.34782608695652173
0.40620592383638926,0.5371024734982333,0.06437768240343347,0.35,0.2571428571428571,0.5454545454545454,0.2608695652173913
0.22566995768688294,0.7455830388692579,0.1988555078683834,0.6,0.5428571428571428,0.6363636363636364,0.7391304347826086
0.24259520451339917,0.5759717314487632,0.2575107296137339,0.45,0.37142857142857144,1.0,0.6086956521739131
0.4146685472496474,0.1978798586572438,0.7367668097281831,0.5,0.42857142857142855,0.2727272727272727,0.391304347826087
0.11142454160789844,0.3321554770318021,0.7796852646638054,0.4,0.3142857142857143,0.7272727272727273,0.9130434782608695
0.3469675599435825,0.4169611307420495,0.5007153075822603,0.55,0.4857142857142857,0.45454545454545453,0.43478260869565216
0.2524682651622003,0.44876325088339225,0.8154506437768241,0.475,0.4,0.2727272727272727,0.782608695652174
0.022566995768688293,0.17667844522968199,0.8340486409155937,0.575,0.5142857142857142,0.0,0.5652173913043478
0.21156558533145275,0.5371024734982333,0.6466380543633763,0.375,0.2857142857142857,0.36363636363636365,0.30434782608695654
0.13399153737658676,0.7455830388692579,0.18025751072961374,0.625,0.5714285714285714,0.9090909090909091,0.6521739130434783
0.5952045133991537,0.5759717314487632,0.6666666666666666,0.35,0.2571428571428571,0.6363636363636364,0.8695652173913043
0.10437235543018336,0.5371024734982333,0.6638054363376252,0.425,0.34285714285714286,0.8181818181818182,0.4782608695652174
0.5218617771509168,0.1696113074204947,0.008583690987124463,0.525,0.45714285714285713,0.5454545454545454,0.5217391304347826
0.8025387870239774,0.7773851590106007,0.07439198855507868,0.575,0.5142857142857142,0.0,0.34782608695652173
0.40620592383638926,0.5371024734982333,0.06437768240343347,0.35,0.2571428571428571,0.5454545454545454,0.2608695652173913
0.22566995768688294,0.7455830388692579,0.1988555078683834,0.6,0.5428571428571428,0.6363636363636364,0.7391304347826086
0.24259520451339917,0.5759717314487632,0.2575107296137339,0.45,0.37142857142857144,1.0,0.6086956521739131
0.4146685472496474,0.1978798586572438,0.7367668097281831,0.5,0.42857142857142855,0.2727272727272727,0.391304347826087
0.11142454160789844,0.3321554770318021,0.7796852646638054,0.4,0.3142857142857143,0.7272727272727273,0.9130434782608695
0.3469675599435825,0.4169611307420495,0.5007153075822603,0.55,0.4857142857142857,0.45454545454545453,0.43478260869565216
0.2524682651622003,0.44876325088339225,0.8154506437768241,0.475,0.4,0.2727272727272727,0.782608695652174
0.022566995768688293,0.17667844522968199,0.8340486409155937,0.575,0.5142857142857142,0.0,0.5652173913043478
0.21156558533145275,0.5371024734982333,0.6466380543633763,0.375,0.2857142857142857,0.36363636363636365,0.30434782608695654
0.13399153737658676,0.7455830388692579,0.18025751072961374,0.625,0.5714285714285714,0.9090909090909091,0.6521739130434783
0.5952045133991537,0.5759717314487632,0.6666666666666666,0.35,0.2571428571428571,0.6363636363636364,0.8695652173913043
0.10437235543018336,0.5371024734982333,0.6638054363376252,0.425,0.34285714285714286,0.8181818181818182,0.4782608695652174
0.5218617771509168,0.1696113074204947,0.008583690987124463,0.525,0.45714285714285713,0.5454545454545454,0.5217391304347826
0.8025387870239774,0.7773851590106007,0.07439198855507868,0.575,0.5142857142857142,0.0,0.34782608695652173
0.40620592383638926,0.5371024734982333,0.06437768240343347,0.35,0.2571428571428571,0.5454545454545454,0.2608695652173913
0.22566995768688294,0.7455830388692579,0.1988555078683834,0.6,0.5428571428571428,0.6363636363636364,0.7391304347826086
0.768688293370945,0.254416961130742,0.4105865522174535,0.2,0.08571428571428572,0.7272727272727273,0.6956521739130435
0.8716502115655853,0.11307420494699646,0.9470672389127325,0.3,0.2,0.18181818181818182,0.6086956521739131
0.5557122708039492,0.6289752650176679,0.6080114449213162,0.375,0.2857142857142857,0.5454545454545454,0.4782608695652174
0.685472496473907,0.9787985865724381,0.25464949928469244,0.25,0.14285714285714285,0.9090909090909091,0.8260869565217391
0.1227080394922426,0.4098939929328622,0.1759656652360515,0.45,0.37142857142857144,0.36363636363636365,0.08695652173913043
0.02679830747531735,0.07420494699646643,0.34048640915593703,0.35,0.2571428571428571,0.2727272727272727,0.5652173913043478
0.5853314527503526,0.734982332155477,0.04148783977110158,0.55,0.4857142857142857,0.45454545454545453,0.7391304347826086
0.23413258110014104,0.5936395759717314,0.3547925608011445,0.4,0.3142857142857143,0.6363636363636364,0.43478260869565216
0.3441466854724965,0.2791519434628975,0.7911301859799714,0.625,0.5714285714285714,0.6363636363636364,0.6521739130434783
0.47390691114245415,0.4275618374558304,0.40772532188841204,0.3,0.2,1.0,0.391304347826087
0.11001410437235543,0.36395759717314485,0.402002861230329,0.5,0.42857142857142855,0.09090909090909091,0.9565217391304348
0.8363892806770099,0.3003533568904594,0.0944206008583691,0.35,0.2571428571428571,0.36363636363636365,0.6086956521739131
0.6770098730606487,0.4275618374558304,0.17310443490701002,0.375,0.2857142857142857,0.0,0.4782608695652174
0.9280677009873061,0.6289752650176679,0.5050071530758226,0.45,0.37142857142857144,0.7272727272727273,0.13043478260869565
0.997179125528914,0.4098939929328622,0.3876967095851216,0.325,0.22857142857142856,0.5454545454545454,1.0
0.19605077574047955,0.11307420494699646,0.32761087267525035,0.25,0.14285714285714285,0.2727272727272727,0.6956521739130435
0.3229901269393512,0.734982332155477,0.7696709585121603,0.5,0.42857142857142855,0.9090909090909091,0.34782608695652173
0.38645980253878703,0.5936395759717314,0.3977110157367668,0.4,0.3142857142857143,1.0,0.7391304347826086
0.28772919605077574,0.2791519434628975,0.31759656652360513,0.625,0.5714285714285714,0.36363636363636365,0.6086956521739131
0.7433004231311706,0.4275618374558304,0.4949928469241774,0.35,0.2571428571428571,0.7272727272727273,0.5217391304347826
0.24118476727785615,0.36395759717314485,0.8097281831187411,0.5,0.42857142857142855,0.09090909090909091,0.8260869565217391
0.2454160789844852,0.3003533568904594,0.13304721030042918,0.3,0.2,0.6363636363636364,0.6086956521739131
0.1368124118476728,0.254416961130742,0.927038626609442,0.2,0.08571428571428572,0.09090909090909091,0.9130434782608695
0.3427362482369535,0.11307420494699646,0.16022889842632332,0.375,0.2857142857142857,0.8181818181818182,0.43478260869565216
0.9732016925246827,0.6289752650176679,0.5851216022889842,0.45,0.37142857142857144,1.0,0.782608695652174
0.7588152327221439,0.9787985865724381,0.4592274678111588,0.25,0.14285714285714285,0.2727272727272727,0.6956521739130435
0.7009873060648801,0.4098939929328622,0.11015736766809728,0.45,0.37142857142857144,0.0,0.13043478260869565
0.9576868829337094,0.07420494699646643,0.032904148783977114,0.35,0.2571428571428571,0.45454545454545453,0.43478260869565216
0.3314527503526093,0.734982332155477,0.4034334763948498,0.55,0.4857142857142857,0.09090909090909091,0.6521739130434783
0.11424541607898449,0.5936395759717314,0.47639484978540775,0.4,0.3142857142857143,0.18181818181818182,0.6086956521739131
0.4795486600846262,0.2791519434628975,0.804005722460658,0.625,0.5714285714285714,0.8181818181818182,0.4782608695652174
0.5077574047954866,0.4275618374558304,0.6180257510729614,0.35,0.2571428571428571,0.9090909090909091,0.5217391304347826
0.08885754583921016,0.36395759717314485,0.44206008583690987,0.5,0.42857142857142855,0.0,0.9565217391304348
0.2454160789844852,0.3003533568904594,0.13304721030042918,0.3,0.2,0.6363636363636364,0.6086956521739131
0.6770098730606487,0.4275618374558304,0.17310443490701002,0.375,0.2857142857142857,0.0,0.4782608695652174
0.9280677009873061,0.6289752650176679,0.5050071530758226,0.45,0.37142857142857144,0.7272727272727273,0.13043478260869565
0.8575458392101551,0.09540636042402827,0.36194563662374823,0.7,0.6428571428571429,0.2727272727272727,0.2608695652173913
0.34837799717912554,0.27208480565371024,0.2732474964234621,0.375,0.2857142857142857,0.8181818181818182,0.43478260869565216
0.461212976022567,0.7067137809187279,0.47067238912732473,0.55,0.5,0.45454545454545453,0.8260869565217391
0.8645980253878702,0.9328621908127208,0.12446351931330472,1.0,1.0,0.7272727272727273,0.6086956521739131
0.3145275035260931,0.13780918727915195,0.575107296137339,0.45,0.35714285714285715,0.9090909090909091,0.9130434782608695
0.607898448519041,0.7385159010600707,0.15164520743919885,0.625,0.5714285714285714,0.36363636363636365,0.7391304347826086
0.5867418899858956,0.38869257950530034,0.10157367668097282,0.75,0.7142857142857143,0.0,0.5217391304347826
0.2468265162200282,0.45936395759717313,0.7353361945636624,0.875,0.8571428571428571,1.0,0.34782608695652173
0.7983074753173484,0.1166077738515901,0.844062947067239,0.5,0.42857142857142855,0.18181818181818182,0.782608695652174
0.46403385049365303,0.23674911660777384,0.648068669527897,0.45,0.35714285714285715,0.6363636363636364,0.6521739130434783
0.9167842031029619,0.0176678445229682,0.5522174535050072,0.625,0.5714285714285714,0.6363636363636364,0.6956521739130435
0.0465444287729196,0.7314487632508834,0.7739628040057225,0.45,0.35714285714285715,1.0,0.8260869565217391
0.3215796897038082,0.5724381625441696,0.045779685264663805,0.75,0.7142857142857143,0.45454545454545453,0.8695652173913043
0.34132581100141046,0.6819787985865724,0.13161659513590845,1.0,1.0,0.09090909090909091,0.30434782608695654
0.1071932299012694,0.4664310954063604,0.8583690987124464,0.55,0.5,0.2727272727272727,0.34782608695652173
0.0380818053596615,0.33568904593639576,0.5565092989985694,0.875,0.8571428571428571,0.7272727272727273,0.6086956521739131
0.9492242595204513,0.04946996466431095,0.12732474964234622,0.375,0.2857142857142857,0.8181818181818182,0.5217391304347826
0.5712270803949224,0.19434628975265017,0.24034334763948498,0.7,0.6428571428571429,0.5454545454545454,1.0
0.1861777150916784,0.6183745583038869,0.8698140200286123,0.5,0.42857142857142855,0.9090909090909091,0.7391304347826086
0.2383638928067701,0.3957597173144876,0.23032904148783978,0.75,0.7142857142857143,0.18181818181818182,0.6521739130434783
0.7856135401974612,0.8551236749116607,0.5178826895565093,0.625,0.5714285714285714,1.0,0.4782608695652174
0.9548660084626234,0.12014134275618374,0.4334763948497854,0.45,0.35714285714285715,0.7272727272727273,0.391304347826087
0.6290550070521862,0.8657243816254417,0.02861230329041488,0.55,0.5,0.36363636363636365,0.6086956521739131
0.849083215796897,0.06007067137809187,0.37625178826895567,1.0,1.0,0.5454545454545454,0.43478260869565216
0.031029619181946404,0.7915194346289752,0.6237482117310443,0.875,0.8571428571428571,0.18181818181818182,0.782608695652174
0.7150916784203103,0.7031802120141343,0.7267525035765379,0.5,0.42857142857142855,0.0,0.9130434782608695
0.6600846262341326,0.0706713780918728,0.19456366237482117,0.7,0.6428571428571429,0.9090909090909091,0.5652173913043478
0.3244005641748942,0.17314487632508835,0.16452074391988555,0.375,0.2857142857142857,0.2727272727272727,0.7391304347826086
0.47249647390691113,0.20141342756183744,0.6137339055793991,0.625,0.5714285714285714,0.0,0.8260869565217391
0.17207334273624825,0.36042402826855124,0.12303290414878398,0.75,0.7142857142857143,0.6363636363636364,0.5217391304347826
0.2933709449929478,0.911660777385159,0.00715307582260372,0.45,0.35714285714285715,0.8181818181818182,0.6956521739130435
0.5007052186177715,0.007067137809187279,0.3032904148783977,0.55,0.5,0.45454545454545453,0.30434782608695654
0.9040902679830748,0.9752650176678446,0.6280400572246065,0.875,0.8571428571428571,0.45454545454545453,0.782608695652174
0.3554301833568406,0.7279151943462897,0.01859799713876967,0.5,0.42857142857142855,0.5454545454545454,0.391304347826087
0.8815232722143864,0.773851590106007,0.1459227467811159,0.7,0.6428571428571429,0.2727272727272727,0.6086956521739131
0.8504936530324401,0.4876325088339223,0.25608011444921314,0.375,0.2857142857142857,0.09090909090909091,0.4782608695652174
0.7390691114245416,0.31448763250883394,0.2017167381974249,1.0,1.0,0.7272727272727273,0.6956521739130435
0.6191819464033851,0.2332155477031802,0.9656652360515021,0.45,0.35714285714285715,0.9090909090909091,0.43478260869565216
0.26657263751763044,0.34275618374558303,0.7339055793991416,0.625,0.5714285714285714,0.6363636363636364,0.9565217391304348
0.38787023977433005,0.5865724381625441,0.4492131616595136,0.45,0.35714285714285715,0.2727272727272727,0.7391304347826086
0.015514809590973202,0.7491166077738516,0.6380543633762518,0.55,0.5,1.0,0.6521739130434783
0.610719322990127,0.6713780918727915,0.5150214592274678,0.875,0.8571428571428571,0.8181818181818182,0.34782608695652173
0.6657263751763046,0.303886925795053,0.3905579399141631,0.75,0.7142857142857143,0.09090909090909091,0.5652173913043478
0.3921015514809591,0.31802120141342755,0.3376251788268956,0.7,0.6428571428571429,0.45454545454545453,0.8695652173913043
0.5331452750352609,0.9540636042402827,0.6924177396280401,0.5,0.42857142857142855,0.18181818181818182,0.6086956521739131
0.6389280677009873,0.7420494699646644,0.7610872675250357,0.45,0.35714285714285715,0.2727272727272727,0.7391304347826086
0.7094499294781382,0.9293286219081273,0.1473533619456366,0.55,0.5,0.5454545454545454,0.5217391304347826
0.7235543018335684,0.49823321554770317,0.8383404864091559,0.875,0.8571428571428571,0.9090909090909091,0.8260869565217391
0.842031029619182,0.21554770318021202,0.1044349070100143,0.375,0.2857142857142857,0.7272727272727273,0.6956521739130435
0.43441466854724964,0.7809187279151943,0.13876967095851217,0.625,0.5714285714285714,0.36363636363636365,0.43478260869565216
0.153737658674189,0.9681978798586572,0.9856938483547926,1.0,1.0,0.5454545454545454,1.0
0.2623413258110014,0.8056537102473498,0.542203147353362,0.45,0.35714285714285715,0.7272727272727273,0.6086956521739131
0.2397743300423131,0.5653710247349824,0.12875536480686695,0.7,0.6428571428571429,0.9090909090909091,0.4782608695652174
0.35825105782792666,0.2049469964664311,0.15736766809728184,0.75,0.7142857142857143,0.0,0.782608695652174
0.7193229901269393,0.4558303886925795,0.8555078683834049,0.55,0.5,1.0,0.8260869565217391
0.8702397743300423,0.028268551236749116,0.058655221745350504,0.875,0.8571428571428571,0.18181818181818182,0.8695652173913043
0.21015514809590974,0.37809187279151946,0.4234620886981402,0.5,0.42857142857142855,0.45454545454545453,0.6521739130434783
0.10296191819464035,0.08833922261484099,0.020028612303290415,0.45,0.35714285714285715,0.6363636363636364,0.6086956521739131
0.2552891396332863,0.34275618374558303,0.6208869814020028,0.625,0.5714285714285714,0.6363636363636364,0.9565217391304348
0.767277856135402,0.6643109540636042,0.2875536480686695,0.45,0.35714285714285715,0.2727272727272727,0.7391304347826086
0.9590973201692524,0.4134275618374558,0.9699570815450643,0.55,0.5,1.0,0.6521739130434783
0.21297602256699577,0.5618374558303887,0.9785407725321889,0.875,0.8571428571428571,0.8181818181818182,0.34782608695652173
0.4541607898448519,0.4204946996466431,0.1530758226037196,0.75,0.7142857142857143,0.09090909090909091,0.5652173913043478
0.44992947813822287,0.24734982332155478,0.9213161659513591,0.7,0.6428571428571429,0.45454545454545453,0.8695652173913043
0.6064880112834978,0.9540636042402827,0.776824034334764,0.5,0.42857142857142855,0.18181818181818182,0.6086956521739131
0.771509167842031,0.7915194346289752,0.1859799713876967,0.45,0.35714285714285715,0.2727272727272727,0.7391304347826086
0.7771509167842031,0.024734982332155476,0.6022889842632332,0.55,0.5,0.5454545454545454,0.5217391304347826
0.36530324400564174,0.5017667844522968,0.8383404864091559,0.875,0.8571428571428571,0.9090909090909091,0.8260869565217391
0.5105782792665726,0.0812720848056537,0.7010014306151645,0.375,0.2857142857142857,0.7272727272727273,0.6956521739130435
0.7545839210155149,0.784452296819788,0.13876967095851217,0.625,0.5714285714285714,0.36363636363636365,0.43478260869565216
0.22284908321579688,0.9717314487632509,0.9856938483547926,1.0,1.0,0.5454545454545454,1.0
0.2623413258110014,0.8056537102473498,0.542203147353362,0.45,0.35714285714285715,0.7272727272727273,0.6086956521739131
0.2397743300423131,0.568904593639576,0.12875536480686695,0.7,0.6428571428571429,0.9090909090909091,0.4782608695652174
0.35825105782792666,0.2049469964664311,0.15736766809728184,0.75,0.7142857142857143,0.0,0.782608695652174
0.7193229901269393,0.4558303886925795,0.8555078683834049,0.55,0.5,1.0,0.8260869565217391
0.023977433004231313,0.2226148409893993,0.296137339055794,0.875,0.8571428571428571,0.18181818181818182,0.8695652173913043
0.5049365303244006,0.38162544169611307,0.6409155937052933,0.5,0.42857142857142855,0.45454545454545453,0.6521739130434783
0.25811001410437234,0.08833922261484099,0.020028612303290415,0.45,0.35714285714285715,0.6363636363636364,0.6086956521739131
0.6361071932299013,0.22968197879858657,0.2117310443490701,0.45,0.35714285714285715,0.9090909090909091,0.43478260869565216
0.0691114245416079,0.392226148409894,0.03862660944206009,0.55,0.5,1.0,0.7391304347826086
0.2750352609308886,0.1978798586572438,0.7424892703862661,0.7,0.6428571428571429,0.45454545454545453,0.5217391304347826
0.9703808180535967,0.823321554770318,0.7496423462088698,0.875,0.8571428571428571,0.2727272727272727,0.6086956521739131
0.17912552891396333,0.5512367491166078,0.3218884120171674,0.5,0.42857142857142855,0.7272727272727273,0.8260869565217391
0.5669957686882934,0.6996466431095406,0.6165951359084406,0.625,0.5714285714285714,1.0,0.9130434782608695
0.41607898448519043,0.8939929328621908,0.7882689556509299,0.75,0.7142857142857143,0.09090909090909091,1.0
0.14527503526093088,0.4628975265017668,0.7124463519313304,0.45,0.35714285714285715,0.09090909090909091,0.34782608695652173
0.5345557122708039,0.6537102473498233,0.525035765379113,0.55,0.5,0.6363636363636364,0.6521739130434783
0.8533145275035261,0.8621908127208481,0.6609442060085837,0.7,0.6428571428571429,0.9090909090909091,0.782608695652174
0.42595204513399154,0.5159010600706714,0.9957081545064378,0.375,0.2857142857142857,0.6363636363636364,0.9130434782608695
0.4527503526093089,0.6325088339222615,0.5507868383404864,0.45,0.35714285714285715,0.09090909090909091,0.6956521739130435
0.8730606488011283,0.4734982332155477,0.20314735336194564,0.55,0.5,0.9090909090909091,0.6086956521739131
0.39774330042313116,0.2579505300353357,0.08583690987124463,0.7,0.6428571428571429,0.36363636363636365,0.9565217391304348
0.04936530324400564,0.10600706713780919,0.2832618025751073,0.55,0.5,0.7272727272727273,0.5652173913043478
0.2919605077574048,0.901060070671378,0.15593705293276108,0.625,0.5714285714285714,0.18181818181818182,0.8260869565217391
0.8321579689703809,0.3286219081272085,0.47782546494992845,0.75,0.7142857142857143,0.5454545454545454,0.7391304347826086
0.9858956276445698,0.7985865724381626,0.23462088698140202,0.45,0.35714285714285715,1.0,0.43478260869565216
0.7757404795486601,0.4734982332155477,0.6595135908440629,0.7,0.6428571428571429,0.45454545454545453,0.9130434782608695
0.3159379407616361,0.5901060070671378,0.9184549356223176,0.875,0.8571428571428571,0.2727272727272727,0.6086956521739131
0.15655853314527504,0.2862190812720848,0.8683834048640916,0.5,0.42857142857142855,0.8181818181818182,0.782608695652174
0.5176304654442877,0.6431095406360424,0.9027181688125894,0.55,0.5,0.9090909090909091,0.391304347826087
0.7277856135401974,0.2579505300353357,0.4062947067238913,1.0,1.0,0.6363636363636364,0.9565217391304348
0.15514809590973203,0.657243816254417,0.7982832618025751,0.45,0.35714285714285715,0.18181818181818182,1.0
0.3723554301833568,0.11307420494699646,0.6967095851216023,0.625,0.5714285714285714,1.0,0.6956521739130435
0.3385049365303244,0.3992932862190813,0.8483547925608012,0.875,0.8571428571428571,0.7272727272727273,0.5652173913043478
0.8519040902679831,0.8904593639575972,0.04721030042918455,0.45,0.35714285714285715,0.36363636363636365,0.8695652173913043
0.6375176304654443,0.24381625441696114,0.38483547925608014,0.7,0.6428571428571429,0.5454545454545454,0.782608695652174
0.7517630465444288,0.26855123674911663,0.6809728183118741,0.55,0.5,0.2727272727272727,0.6086956521739131
0.45698166431593795,0.8374558303886925,0.6123032904148784,0.5,0.42857142857142855,0.0,0.4782608695652174
0.9294781382228491,0.2508833922261484,0.9113018597997139,0.5,0.42857142857142855,0.7272727272727273,0.8260869565217391
0.9915373765867419,0.7950530035335689,0.3748211731044349,0.625,0.5714285714285714,0.2727272727272727,0.4782608695652174
0.152327221438646,0.46996466431095407,0.27467811158798283,0.45,0.35714285714285715,1.0,0.9130434782608695
0.21861777150916784,0.6289752650176679,0.18168812589413447,0.55,0.5,0.45454545454545453,0.6086956521739131
0.693935119887165,0.11307420494699646,0.7682403433476395,0.375,0.2857142857142857,0.8181818181818182,0.7391304347826086
0.2002820874471086,0.2508833922261484,0.5822603719599427,0.7,0.6428571428571429,0.18181818181818182,0.9565217391304348
0.36671368124118475,0.5123674911660777,0.9313304721030042,0.55,0.5,0.6363636363636364,0.8260869565217391
0.9605077574047954,0.46996466431095407,0.11158798283261803,0.75,0.7142857142857143,0.0,0.6086956521739131
0.304654442877292,0.10247349823321555,0.8841201716738197,0.625,0.5714285714285714,1.0,0.43478260869565216
0.44851904090267986,0.8197879858657244,0.33905579399141633,0.875,0.8571428571428571,0.5454545454545454,0.6521739130434783
0.9449929478138223,0.5901060070671378,0.8082975679542204,0.75,0.7142857142857143,0.36363636363636365,0.8695652173913043
0.7461212976022567,0.7950530035335689,0.48497854077253216,0.45,0.35714285714285715,0.9090909090909091,0.6086956521739131
0.40479548660084624,0.254416961130742,0.49642346208869814,0.7,0.6428571428571429,0.18181818181818182,0.9565217391304348
0.7940761636107193,0.8869257950530035,0.48354792560801146,0.55,0.5,0.7272727272727273,0.782608695652174
0.9887165021156559,0.2508833922261484,0.2503576537911302,0.5,0.42857142857142855,0.45454545454545453,0.5652173913043478
0.28913963328631875,0.46996466431095407,0.30758226037195996,0.625,0.5714285714285714,1.0,0.9130434782608695
0.459802538787024,0.10247349823321555,0.15879828326180256,0.375,0.2857142857142857,0.0,0.6956521739130435
0.6755994358251057,0.5123674911660777,0.586552217453505,0.55,0.5,0.2727272727272727,0.4782608695652174
0.918194640338505,0.254416961130742,0.09012875536480687,0.45,0.35714285714285715,0.6363636363636364,0.8260869565217391
0.6262341325811002,0.6395759717314488,0.6294706723891274,0.7,0.6428571428571429,0.09090909090909091,0.6086956521739131
0.045133991537376586,0.508833922261484,0.7968526466380543,0.75,0.7142857142857143,0.5454545454545454,0.9565217391304348
0.28067700987306066,0.6996466431095406,0.4563662374821173,0.45,0.35714285714285715,0.36363636363636365,0.9130434782608695
0.16643159379407615,0.46996466431095407,0.21888412017167383,0.55,0.5,0.9090909090909091,0.6086956521739131
0.8392101551480959,0.10247349823321555,0.2532188841201717,0.625,0.5714285714285714,0.18181818181818182,0.7391304347826086
0.7898448519040903,0.254416961130742,0.5636623748211731,0.5,0.42857142857142855,0.8181818181818182,0.8260869565217391
0.535966149506347,0.2508833922261484,0.38197424892703863,0.7,0.6428571428571429,0.6363636363636364,0.5217391304347826
0.8547249647390691,0.7950530035335689,0.5350500715307582,0.45,0.35714285714285715,0.2727272727272727,0.6956521739130435
0.5543018335684062,0.6395759717314488,0.6866952789699571,0.55,0.5,0.7272727272727273,0.9130434782608695
0.5599435825105783,0.10247349823321555,0.3419170243204578,0.375,0.2857142857142857,0.0,0.5652173913043478
0.3328631875881523,0.8833922261484098,0.5679542203147353,0.75,0.7142857142857143,0.45454545454545453,0.9565217391304348
0.7334273624823695,0.607773851590106,0.7381974248927039,1.0,1.0,0.6363636363636364,0.6521739130434783
0.3540197461212976,0.48056537102473496,0.8569384835479256,0.875,0.8571428571428571,0.2727272727272727,0.782608695652174
0.14245416078984485,0.1978798586572438,0.4220314735336195,0.625,0.5714285714285714,0.09090909090909091,0.5217391304347826
0.06629055007052186,0.3568904593639576,0.9670958512160229,0.75,0.7142857142857143,0.8181818181818182,0.6086956521739131
0.5684062059238364,0.45229681978798586,0.3776824034334764,0.55,0.5,1.0,0.9130434782608695
0.8970380818053597,0.007067137809187279,0.030042918454935622,0.7,0.6428571428571429,0.45454545454545453,0.7391304347826086
0.12552891396332863,0.7597173144876325,0.9170243204577968,0.45,0.35714285714285715,0.7272727272727273,0.8260869565217391
0.44428772919605075,0.607773851590106,0.04864091559370529,0.5,0.42857142857142855,0.18181818181818182,0.6086956521739131
0.12976022566995768,0.6254416961130742,0.7954220314735336,0.625,0.5714285714285714,0.36363636363636365,0.5217391304347826
0.9407616361071932,0.42402826855123676,0.21602288984263232,0.75,0.7142857142857143,0.6363636363636364,0.6956521739130435
0.7122708039492243,0.6466431095406361,0.3061516452074392,0.875,0.8571428571428571,0.9090909090909091,0.8695652173913043
0.12693935119887165,0.607773851590106,0.4248927038626609,1.0,1.0,0.5454545454545454,0.7391304347826086
0.6417489421720733,0.38869257950530034,0.6223175965665236,0.75,0.7142857142857143,0.2727272727272727,0.6086956521739131
0.5613540197461213,0.9045936395759717,0.9356223175965666,0.625,0.5714285714285714,0.09090909090909091,0.8260869565217391
0.23695345557122707,0.22614840989399293,0.6824034334763949,0.55,0.5,0.7272727272727273,0.5217391304347826
0.44569816643159377,0.45229681978798586,0.6909871244635193,0.7,0.6428571428571429,1.0,0.9130434782608695
0.7221438645980254,0.5653710247349824,0.11587982832618025,0.45,0.35714285714285715,0.36363636363636365,0.6956521739130435
0.1847672778561354,0.8975265017667845,0.8497854077253219,0.55,0.5,0.9090909090909091,0.9565217391304348
0.9746121297602257,0.48056537102473496,0.8526466380543634,0.75,0.7142857142857143,0.6363636363636364,0.8260869565217391
0.7320169252468265,0.9257950530035336,0.7296137339055794,0.875,0.8571428571428571,0.18181818181818182,0.6521739130434783
0.14950634696755993,0.7879858657243817,0.721030042918455,0.7,0.6428571428571429,0.36363636363636365,0.7391304347826086
0.48519040902679833,0.3392226148409894,0.4663805436337625,0.75,0.7142857142857143,0.7272727272727273,0.6521739130434783
0.29055007052186177,0.38869257950530034,0.8869814020028612,0.55,0.5,0.9090909090909091,0.6086956521739131
0.8744710860366713,0.607773851590106,0.28183118741058655,0.875,0.8571428571428571,0.2727272727272727,0.782608695652174
0.3526093088857546,0.4028268551236749,0.11444921316165951,0.45,0.35714285714285715,0.6363636363636364,0.9130434782608695
0.018335684062059238,0.08480565371024736,0.8955650929899857,0.625,0.5714285714285714,0.45454545454545453,0.6956521739130435
0.68688293370945,0.8586572438162544,0.642346208869814,0.55,0.5,0.7272727272727273,0.8260869565217391
0.8928067700987306,0.0353356890459364,0.024320457796852647,0.75,0.7142857142857143,0.0,0.5652173913043478
0.9308885754583921,0.833922261484099,0.9041487839771102,0.5,0.42857142857142855,0.2727272727272727,0.6956521739130435
0.8589562764456982,0.08480565371024736,0.6952789699570815,0.7,0.6428571428571429,0.9090909090909091,0.9565217391304348
0.04372355430183357,0.38869257950530034,0.45779685264663805,0.875,0.8571428571428571,0.5454545454545454,0.9130434782608695
0.4005641748942172,0.1413427561837456,0.5650929899856938,0.625,0.5714285714285714,0.18181818181818182,0.7391304347826086
0.33568406205923834,0.8586572438162544,0.2217453505007153,0.55,0.5,0.8181818181818182,0.6086956521739131
0.15091678420310295,0.9646643109540636,0.3605150214592275,0.75,0.7142857142857143,0.45454545454545453,0.6956521739130435
0.25952045133991536,0.08480565371024736,0.8125894134477826,0.45,0.35714285714285715,0.6363636363636364,0.8260869565217391
0.7418899858956276,0.007067137809187279,0.22317596566523606,0.7,0.6428571428571429,0.2727272727272727,0.21739130434782608
0.7997179125528914,0.4028268551236749,0.13447782546494993,0.5,0.42857142857142855,0.9090909090909091,0.5652173913043478
0.8377997179125529,0.028268551236749116,0.022889842632331903,0.55,0.5,0.0,0.6086956521739131
0.1466854724964739,0.9434628975265018,0.28469241773962806,0.625,0.5714285714285714,0.09090909090909091,0.6956521739130435
0.1325811001410437,0.4452296819787986,0.5393419170243204,0.55,0.5,0.36363636363636365,0.782608695652174
0.8561354019746121,0.3250883392226148,0.1301859799713877,1.0,1.0,0.7272727272727273,0.8695652173913043
0.18899858956276447,0.3462897526501767,0.19027181688125894,0.875,0.8571428571428571,0.5454545454545454,0.9130434782608695
0.307475317348378,0.3392226148409894,0.8226037195994278,0.75,0.7142857142857143,0.36363636363636365,0.8260869565217391
0.009873060648801129,0.6996466431095406,0.9713876967095851,0.55,0.5,1.0,0.9565217391304348
0.9435825105782792,0.8586572438162544,0.19599427753934193,0.45,0.35714285714285715,0.6363636363636364,0.8260869565217391
0.48660084626234135,0.607773851590106,0.13590844062947066,0.7,0.6428571428571429,0.18181818181818182,0.8695652173913043
0.538787023977433,0.14487632508833923,0.8054363376251789,0.625,0.5714285714285714,0.0,0.9130434782608695
0.08603667136812412,0.15547703180212014,0.24177396280400573,0.55,0.5,0.45454545454545453,0.782608695652174
0.0,0.30742049469964666,0.3676680972818312,0.875,0.8571428571428571,0.18181818181818182,0.9565217391304348
0.9026798307475318,0.5300353356890459,0.8168812589413448,0.75,0.7142857142857143,0.9090909090909091,0.8260869565217391
0.7475317348377997,0.3568904593639576,0.20457796852646637,1.0,1.0,0.6363636363636364,0.8695652173913043
0.18053596614950634,0.21201413427561838,0.27896995708154504,0.875,0.8571428571428571,0.2727272727272727,0.9130434782608695
0.9647390691114246,0.3250883392226148,0.1688125894134478,0.75,0.7142857142857143,0.9090909090909091,0.8260869565217391
0.05077574047954866,0.15901060070671377,0.9556509298998569,0.55,0.5,0.45454545454545453,0.9565217391304348
0.04231311706629055,0.7667844522968198,0.6037195994277539,0.45,0.35714285714285715,0.7272727272727273,0.8695652173913043
0.6685472496473907,0.5406360424028268,0.6766809728183119,0.7,0.6428571428571429,0.09090909090909091,0.9130434782608695
0.8293370944992948,0.19081272084805653,0.9227467811158798,0.625,0.5714285714285714,0.36363636363636365,0.8260869565217391
0.6798307475317349,0.5441696113074205,0.2603719599427754,0.55,0.5,1.0,0.9565217391304348
0.42736248236953456,0.3745583038869258,0.994277539341917,0.875,0.8571428571428571,0.0,0.8695652173913043
0.39492242595204513,0.6042402826855123,0.5464949928469242,0.75,0.7142857142857143,0.18181818181818182,0.782608695652174
0.229901269393512,0.38869257950530034,0.17453505007153075,1.0,1.0,0.8181818181818182,0.8695652173913043
0.9083215796897038,0.6996466431095406,0.7181688125894135,0.875,0.8571428571428571,0.45454545454545453,0.9565217391304348
0.5232722143864598,0.3498233215547703,0.6695278969957081,0.75,0.7142857142857143,0.5454545454545454,0.8260869565217391
0.24964739069111425,0.7667844522968198,0.30185979971387694,0.55,0.5,0.7272727272727273,0.9130434782608695
0.13963328631875882,0.9399293286219081,0.0844062947067239,0.7,0.6428571428571429,0.0,0.782608695652174
0.6671368124118476,0.45229681978798586,0.7439198855507868,0.45,0.35714285714285715,0.09090909090909091,0.8695652173913043
0.5458392101551481,0.5653710247349824,0.6337625178826896,0.55,0.5,0.2727272727272727,0.7391304347826086
0.3709449929478138,0.19434628975265017,0.5035765379113019,0.7,0.6428571428571429,0.9090909090909091,0.9130434782608695
0.2016925246826516,0.9151943462897526,0.09585121602288985,0.875,0.8571428571428571,0.5454545454545454,0.9565217391304348
0.24823695345557123,0.8515901060070671,0.17024320457796852,0.55,0.5,0.7272727272727273,0.8260869565217391
0.08039492242595205,0.607773851590106,0.3090128755364807,1.0,1.0,0.5454545454545454,0.9130434782608695
0.8166431593794076,0.5653710247349824,0.6194563662374821,0.875,0.8571428571428571,0.6363636363636364,0.8260869565217391
0.231311706629055,0.38869257950530034,0.012875536480686695,0.75,0.7142857142857143,0.45454545454545453,0.9565217391304348
0.019746121297602257,0.01060070671378092,0.5021459227467812,0.55,0.5,0.9090909090909091,0.7391304347826086
0.8307475317348378,0.1413427561837456,0.4678111587982833,0.7,0.6428571428571429,0.7272727272727273,0.8695652173913043
0.05923836389280677,0.9469964664310954,0.6938483547925608,0.45,0.35714285714285715,0.45454545454545453,0.9130434782608695
0.7362482369534555,0.08480565371024736,0.060085836909871244,0.55,0.5,0.2727272727272727,0.782608695652174
0.30888575458392104,0.9257950530035336,0.01430615164520744,0.7,0.6428571428571429,0.9090909090909091,0.8260869565217391
0.5627644569816643,0.27208480565371024,0.876967095851216,0.875,0.8571428571428571,0.7272727272727273,0.9565217391304348
0.19322990126939352,0.519434628975265,0.31187410586552217,0.55,0.5,1.0,0.8695652173913043
0.9351198871650211,0.2862190812720848,0.11874105865522175,1.0,1.0,0.9090909090909091,0.782608695652174
0.0846262341325811,0.43109540636042404,0.8927038626609443,0.875,0.8571428571428571,0.5454545454545454,0.9130434782608695
0.5980253878702397,0.7879858657243817,0.9585121602288984,0.75,0.7142857142857143,0.7272727272727273,0.8260869565217391
0.9421720733427362,0.7208480565371025,0.22889842632331903,0.55,0.5,0.36363636363636365,0.9565217391304348
0.4203102961918195,0.9187279151943463,0.14878397711015737,0.7,0.6428571428571429,0.2727272727272727,0.8695652173913043
0.7743300423131171,0.7632508833922261,0.8297567954220315,0.45,0.35714285714285715,0.6363636363636364,0.782608695652174
0.8984485190409027,0.8127208480565371,0.15450643776824036,0.55,0.5,0.09090909090909091,0.8260869565217391
0.6530324400564175,0.6749116607773852,0.9542203147353362,0.7,0.6428571428571429,0.45454545454545453,0.8695652173913043
0.18335684062059238,0.1519434628975265,0.08726752503576538,0.875,0.8571428571428571,0.0,0.9130434782608695
0.7616361071932299,0.254416961130742,0.9728183118741058,0.55,0.5,1.0,0.8695652173913043
0.0028208744710860366,0.9434628975265018,0.8726752503576538,1.0,1.0,0.5454545454545454,0.8260869565217391
0.7052186177715092,0.028268551236749116,0.6580829756795422,0.875,0.8571428571428571,0.7272727272727273,0.8695652173913043
0.3991537376586742,0.8798586572438163,0.3562231759656652,0.75,0.7142857142857143,0.18181818181818182,0.782608695652174
0.03385049365303244,0.21201413427561838,0.6394849785407726,0.55,0.5,0.9090909090909091,0.9130434782608695
0.6050775740479548,0.13074204946996468,0.14449213161659513,0.7,0.6428571428571429,0.36363636363636365,0.6956521739130435
0.4104372355430183,0.49469964664310956,0.20028612303290416,0.45,0.35714285714285715,0.6363636363636364,0.8260869565217391
0.8758815232722144,0.6148409893992933,0.1072961373390558,0.55,0.5,0.2727272727272727,0.7391304347826086
0.7108603667136812,0.3674911660777385,0.5407725321888412,0.7,0.6428571428571429,1.0,0.782608695652174
0.7602256699576869,0.5477031802120141,0.07296137339055794,0.875,0.8571428571428571,0.8181818181818182,0.8695652173913043
0.8138222849083215,0.950530035335689,0.18311874105865522,0.55,0.5,0.18181818181818182,0.9130434782608695
0.3624823695345557,0.6678445229681979,0.8884120171673819,1.0,1.0,0.45454545454545453,0.9565217391304348
0.770098730606488,0.21908127208480566,0.5092989985693849,0.875,0.8571428571428571,0.6363636363636364,0.8260869565217391
0.7447108603667136,0.9611307420494699,0.08011444921316166,0.75,0.7142857142857143,1.0,0.7391304347826086
0.29760225669957685,0.9363957597173145,0.9427753934191703,0.55,0.5,0.2727272727272727,0.9130434782608695
0.014104372355430184,0.6855123674911661,0.07582260371959942,0.7,0.6428571428571429,0.36363636363636365,0.782608695652174
0.4922425952045134,0.14840989399293286,0.6623748211731044,0.45,0.35714285714285715,0.7272727272727273,0.8695652173913043
0.4400564174894217,0.20848056537102475,0.06151645207439199,0.55,0.5,0.09090909090909091,0.8260869565217391
0.8039492242595204,0.8409893992932862,0.4434907010014306,0.7,0.6428571428571429,0.9090909090909091,0.9130434782608695
0.9619181946403385,0.7243816254416962,0.30472103004291845,0.55,0.5,0.5454545454545454,0.782608695652174
0.19464033850493653,0.9575971731448764,0.9513590844062947,0.875,0.8571428571428571,0.2727272727272727,0.8695652173913043
0.38081805359661497,0.38869257950530034,0.8140200286123033,0.375,0.2857142857142857,0.36363636363636365,0.8260869565217391
0.5937940761636107,0.12367491166077739,0.010014306151645207,0.45,0.35714285714285715,0.36363636363636365,0.9130434782608695
0.007052186177715092,0.607773851590106,0.33476394849785407,0.55,0.5,0.36363636363636365,0.6086956521739131
0.27926657263751764,0.43109540636042404,0.5236051502145923,0.5,0.42857142857142855,0.36363636363636365,0.6956521739130435
0.35684062059238364,0.9045936395759717,0.45350500715307585,0.625,0.5714285714285714,0.36363636363636365,0.5652173913043478
0.09873060648801128,0.5547703180212014,0.7753934191702432,0.5,0.42857142857142855,0.36363636363636365,0.8260869565217391
0.7306064880112835,0.8515901060070671,0.3791130185979971,0.7,0.6428571428571429,0.36363636363636365,0.6086956521739131
0.5500705218617772,0.28975265017667845,0.748211731044349,0.55,0.5,0.36363636363636365,0.9130434782608695
0.36812411847672777,0.9045936395759717,0.8626609442060086,0.45,0.35714285714285715,0.36363636363636365,0.5217391304347826
0.5430183356840621,0.607773851590106,0.40486409155937053,0.75,0.7142857142857143,0.36363636363636365,1.0
0.995768688293371,0.38869257950530034,0.8512160228898427,0.55,0.5,0.36363636363636365,0.8695652173913043
0.53737658674189,0.607773851590106,0.05293276108726753,0.875,0.8571428571428571,0.36363636363636365,0.6521739130434783
0.7842031029619182,0.38869257950530034,0.5937052932761088,0.5,0.42857142857142855,0.45454545454545453,0.782608695652174
0.4781382228490832,0.43109540636042404,0.1888412017167382,0.7,0.6428571428571429,0.45454545454545453,0.6086956521739131
0.09449929478138223,0.607773851590106,0.10586552217453506,0.55,0.5,0.45454545454545453,0.9130434782608695
0.2143864598025388,0.7667844522968198,0.20743919885550788,0.625,0.5714285714285714,0.45454545454545453,0.8260869565217391
0.09732016925246827,0.38869257950530034,0.36909871244635195,0.45,0.35714285714285715,0.45454545454545453,0.43478260869565216
0.7136812411847673,0.607773851590106,0.3590844062947067,0.7,0.6428571428571429,0.45454545454545453,0.9565217391304348
0.8801128349788434,0.607773851590106,0.670958512160229,0.55,0.5,0.45454545454545453,0.5217391304347826
0.2849083215796897,0.38869257950530034,0.9842632331902719,0.875,0.8571428571428571,0.45454545454545453,0.6956521739130435
0.9337094499294781,0.22614840989399293,0.2932761087267525,0.5,0.42857142857142855,0.45454545454545453,0.6086956521739131
0.8857545839210155,0.22614840989399293,0.9484978540772532,0.75,0.7142857142857143,0.45454545454545453,0.7391304347826086
0.4287729196050776,0.1978798586572438,0.26609442060085836,0.875,0.8571428571428571,0.45454545454545453,0.6521739130434783
0.6445698166431594,0.45229681978798586,0.5779685264663805,0.7,0.6428571428571429,0.45454545454545453,0.782608695652174
0.8885754583921015,0.22614840989399293,0.9198855507868383,0.55,0.5,0.45454545454545453,0.6086956521739131
0.7574047954866009,0.1978798586572438,0.8969957081545065,0.625,0.5714285714285714,0.45454545454545453,0.8260869565217391
0.1918194640338505,0.22614840989399293,0.5951359084406295,0.75,0.7142857142857143,0.45454545454545453,0.5217391304347826
0.3765867418899859,0.607773851590106,0.09728183118741059,0.45,0.35714285714285715,0.45454545454545453,0.9130434782608695
0.8180535966149506,0.607773851590106,0.36337625178826893,0.875,0.8571428571428571,0.45454545454545453,0.6521739130434783
0.22425952045133993,0.1978798586572438,0.19742489270386265,0.7,0.6428571428571429,0.45454545454545453,0.4782608695652174
0.31170662905500707,0.607773851590106,0.43061516452074394,0.55,0.5,0.45454545454545453,0.6956521739130435
0.27080394922425954,0.607773851590106,0.7153075822603719,0.5,0.42857142857142855,0.45454545454545453,0.6086956521739131
0.613540197461213,0.1978798586572438,0.882689556509299,0.45,0.35714285714285715,0.45454545454545453,0.8260869565217391
0.1777150916784203,0.1978798586572438,0.7453505007153076,0.625,0.5714285714285714,0.45454545454545453,0.5652173913043478
0.5994358251057827,0.1978798586572438,0.3319027181688126,0.7,0.6428571428571429,0.45454545454545453,0.782608695652174
0.46262341325811,0.607773851590106,0.2861230329041488,0.55,0.5,0.45454545454545453,0.6956521739130435
0.7968970380818053,0.45229681978798586,0.43919885550786836,0.875,0.8571428571428571,0.45454545454545453,0.8695652173913043
0.2157968970380818,0.22614840989399293,0.2703862660944206,0.75,0.7142857142857143,0.45454545454545453,0.6086956521739131
0.056417489421720736,0.1978798586572438,0.8655221745350501,0.5,0.42857142857142855,0.45454545454545453,0.7391304347826086
0.076163610719323,0.607773851590106,0.14163090128755365,0.45,0.35714285714285715,0.45454545454545453,0.9565217391304348
0.5909732016925247,0.607773851590106,0.8540772532188842,0.625,0.5714285714285714,0.45454545454545453,0.6956521739130435
0.5148095909732017,0.45229681978798586,0.9284692417739628,0.7,0.6428571428571429,0.45454545454545453,0.8260869565217391
0.10860366713681241,0.38869257950530034,0.8412017167381974,0.75,0.7142857142857143,0.5454545454545454,0.6086956521739131
0.2778561354019746,0.607773851590106,0.35336194563662376,0.55,0.5,0.5454545454545454,0.782608695652174
0.44710860366713684,0.607773851590106,0.9070100143061517,0.7,0.6428571428571429,0.5454545454545454,0.5217391304347826
0.765867418899859,0.1978798586572438,0.25178826895565093,0.875,0.8571428571428571,0.5454545454545454,0.7391304347826086
0.18194640338504936,0.607773851590106,0.2317596566523605,0.45,0.35714285714285715,0.5454545454545454,0.8695652173913043
0.9873060648801129,0.607773851590106,0.7525035765379113,0.625,0.5714285714285714,0.5454545454545454,0.6086956521739131
0.41889985895627646,0.607773851590106,0.5135908440629471,0.55,0.5,0.5454545454545454,0.8260869565217391
0.4710860366713681,0.1978798586572438,0.6881258941344778,0.75,0.7142857142857143,0.5454545454545454,0.6956521739130435
0.5260930888575458,0.607773851590106,0.7925608011444921,0.5,0.42857142857142855,0.5454545454545454,0.9565217391304348
0.01692524682651622,0.38869257950530034,0.9871244635193133,0.7,0.6428571428571429,0.5454545454545454,0.6086956521739131
0.7263751763046544,0.45229681978798586,0.3361945636623748,0.55,0.5,0.5454545454545454,0.782608695652174
0.14104372355430184,0.38869257950530034,0.7110157367668097,0.625,0.5714285714285714,0.5454545454545454,0.5652173913043478
0.31029619181946405,0.607773851590106,0.05007153075822604,0.875,0.8571428571428571,0.5454545454545454,0.8695652173913043
0.7489421720733427,0.607773851590106,0.7467811158798283,0.5,0.42857142857142855,0.5454545454545454,0.6956521739130435
0.9055007052186178,0.607773851590106,0.5994277539341917,0.7,0.6428571428571429,0.5454545454545454,0.8260869565217391
0.6205923836389281,0.45229681978798586,0.6738197424892703,0.75,0.7142857142857143,0.5454545454545454,0.6086956521739131
0.2637517630465444,0.22614840989399293,0.10872675250357654,0.45,0.35714285714285715,0.5454545454545454,0.9565217391304348
0.20451339915373765,0.607773851590106,0.8540772532188842,0.625,0.5714285714285714,0.5454545454545454,0.6956521739130435
0.998589562764457,0.45229681978798586,0.8311874105865522,0.55,0.5,0.5454545454545454,0.8260869565217391
0.17066290550070523,0.38869257950530034,0.011444921316165951,0.75,0.7142857142857143,0.5454545454545454,0.7391304347826086
0.14809590973201692,0.8091872791519434,0.759656652360515,0.5,0.42857142857142855,0.6363636363636364,0.5652173913043478
0.0014104372355430183,0.38869257950530034,0.005722460658082976,0.625,0.5714285714285714,0.6363636363636364,0.6086956521739131
0.4217207334273625,0.38869257950530034,0.9756795422031473,0.45,0.35714285714285715,0.6363636363636364,0.5217391304347826
0.5275035260930888,0.607773851590106,0.0,0.55,0.5,0.6363636363636364,0.6956521739130435
0.9069111424541608,0.38869257950530034,0.3133047210300429,0.75,0.7142857142857143,0.6363636363636364,0.8260869565217391
0.7179125528913963,0.7526501766784452,0.9399141630901288,0.7,0.6428571428571429,0.6363636363636364,0.6086956521739131
0.17348377997179126,0.3215547703180212,0.5908440629470673,0.55,0.5,0.6363636363636364,0.8260869565217391
0.08180535966149506,0.38869257950530034,0.7811158798283262,0.75,0.7142857142857143,0.6363636363636364,0.6956521739130435
0.5881523272214386,0.607773851590106,0.703862660944206,0.5,0.42857142857142855,0.6363636363636364,0.9565217391304348
0.5204513399153737,0.607773851590106,0.4978540772532189,0.7,0.6428571428571429,0.6363636363636364,0.6086956521739131
0.4513399153737659,0.607773851590106,0.9527896995708155,0.55,0.5,0.6363636363636364,0.782608695652174
1.0,0.38869257950530034,0.6323319027181689,0.625,0.5714285714285714,0.6363636363636364,0.5652173913043478
0.35966149506346967,0.38869257950530034,0.26895565092989987,0.875,0.8571428571428571,0.6363636363636364,0.8695652173913043
0.5416078984485191,0.607773851590106,0.31616595135908443,0.5,0.42857142857142855,0.6363636363636364,0.6956521739130435
0.692524682651622,0.38869257950530034,0.9914163090128756,0.7,0.6428571428571429,0.6363636363636364,0.8260869565217391
0.9774330042313117,0.6784452296819788,0.7854077253218884,0.75,0.7142857142857143,0.6363636363636364,0.6086956521739131
0.382228490832158,0.38869257950530034,0.6781115879828327,0.45,0.35714285714285715,0.6363636363636364,0.9565217391304348
0.9365303244005642,0.3215547703180212,0.11301859799713877,0.625,0.5714285714285714,0.6363636363636364,0.6956521739130435
0.19887165021156558,0.3215547703180212,0.7567954220314735,0.55,0.5,0.6363636363636364,0.8260869565217391
0.6953455571227081,0.3215547703180212,0.9141630901287554,0.75,0.7142857142857143,0.6363636363636364,0.7391304347826086
0.37940761636107195,0.607773851590106,0.9413447782546495,0.375,0.2857142857142857,0.6363636363636364,0.6521739130434783
0.12129760225669958,0.38869257950530034,0.944206008583691,0.55,0.42857142857142855,0.6363636363636364,0.5217391304347826
0.4908321579689704,0.6784452296819788,0.3333333333333333,0.7,0.6428571428571429,0.6363636363636364,0.6956521739130435
0.5289139633286318,0.38869257950530034,0.5207439198855508,0.5,0.4,0.6363636363636364,0.782608695652174
0.2609308885754584,0.607773851590106,0.5164520743919886,0.625,0.5714285714285714,0.6363636363636364,0.6086956521739131
0.6220028208744711,0.3215547703180212,0.290414878397711,0.45,0.35714285714285715,0.6363636363636364,0.7391304347826086
0.7813822284908322,0.3215547703180212,0.07725321888412018,0.55,0.5,0.6363636363636364,0.8695652173913043
0.33709449929478136,0.607773851590106,0.9885550786838341,0.45,0.37142857142857144,0.6363636363636364,0.6956521739130435
0.32722143864598024,0.38869257950530034,0.6494992846924177,0.65,0.5428571428571428,0.6363636363636364,0.5652173913043478
0.047954866008462625,0.607773851590106,0.9742489270386266,0.5,0.42857142857142855,0.6363636363636364,0.7391304347826086
0.8660084626234132,0.38869257950530034,0.16165951359084407,0.6,0.45714285714285713,0.6363636363636364,0.8695652173913043
0.19746121297602257,0.607773851590106,0.5965665236051502,0.525,0.4142857142857143,0.7272727272727273,0.6086956521739131
0.689703808180536,0.3215547703180212,0.8254649499284692,0.425,0.32857142857142857,0.7272727272727273,0.782608695652174
0.48801128349788436,0.38869257950530034,0.6366237482117311,0.575,0.4857142857142857,0.7272727272727273,0.9565217391304348
0.9788434414668548,0.607773851590106,0.5608011444921316,0.475,0.38571428571428573,0.7272727272727273,0.6521739130434783
0.7038081805359662,0.38869257950530034,0.24892703862660945,0.675,0.6,0.7272727272727273,0.5217391304347826
0.22002820874471085,0.607773851590106,0.44635193133047213,0.55,0.4714285714285714,0.7272727272727273,0.6956521739130435
0.07052186177715092,0.38869257950530034,0.44778254649499283,0.5,0.4142857142857143,0.7272727272727273,0.782608695652174
0.9322990126939351,0.607773851590106,0.39341917024320455,0.65,0.5428571428571428,0.7272727272727273,0.6086956521739131
0.49647390691114246,0.3215547703180212,0.7896995708154506,0.4,0.3142857142857143,0.7272727272727273,0.7391304347826086
0.9520451339915373,0.38869257950530034,0.37052932761087265,0.575,0.45714285714285713,0.7272727272727273,0.8695652173913043
0.6643159379407616,0.8445229681978799,0.5264663805436338,0.375,0.2571428571428571,0.7272727272727273,0.6521739130434783
0.3342736248236953,0.5053003533568905,0.5622317596566524,0.45,0.37142857142857144,0.7272727272727273,0.5217391304347826
0.0930888575458392,0.0989399293286219,0.8197424892703863,0.5,0.42857142857142855,0.7272727272727273,0.6956521739130435
0.09026798307475317,0.8445229681978799,0.7625178826895566,0.425,0.34285714285714286,0.7272727272727273,0.782608695652174
0.5768688293370945,0.5053003533568905,0.597997138769671,0.525,0.44285714285714284,0.7272727272727273,0.6086956521739131
0.8251057827926658,0.0989399293286219,0.5221745350500715,0.475,0.4,0.7272727272727273,0.7391304347826086
0.919605077574048,0.8445229681978799,0.7081545064377682,0.55,0.4857142857142857,0.7272727272727273,0.8695652173913043
0.1382228490832158,0.8445229681978799,0.8984263233190272,0.4,0.3,0.7272727272727273,0.9565217391304348
0.688293370944993,0.5053003533568905,0.8369098712446352,0.35,0.24285714285714285,0.7272727272727273,0.6521739130434783
0.2693935119887165,0.0989399293286219,0.37339055793991416,0.45,0.35714285714285715,0.7272727272727273,0.5217391304347826
0.9844851904090268,0.8445229681978799,0.08869814020028613,0.5,0.4142857142857143,0.7272727272727273,0.6956521739130435
0.8095909732016925,0.5053003533568905,0.21745350500715308,0.575,0.5142857142857142,0.7272727272727273,0.782608695652174
0.7165021156558533,0.0989399293286219,0.82689556509299,0.625,0.5714285714285714,0.7272727272727273,0.6086956521739131
0.34978843441466856,0.8445229681978799,0.46208869814020026,0.525,0.45714285714285713,0.7272727272727273,0.7391304347826086
0.8829337094499294,0.8445229681978799,0.034334763948497854,0.475,0.38571428571428573,0.7272727272727273,0.8695652173913043
0.2736248236953456,0.5053003533568905,0.42775393419170243,0.4,0.3142857142857143,0.7272727272727273,0.6086956521739131
0.07757404795486601,0.0989399293286219,0.055793991416309016,0.45,0.37142857142857144,0.7272727272727273,0.7391304347826086
0.5162200282087447,0.8445229681978799,0.38626609442060084,0.525,0.44285714285714284,0.7272727272727273,0.9565217391304348
0.6318758815232722,0.5053003533568905,0.12589413447782546,0.6,0.5428571428571428,0.7272727272727273,0.6521739130434783
0.4301833568406206,0.0989399293286219,0.5278969957081545,0.55,0.4714285714285714,0.7272727272727273,0.782608695652174
0.5528913963328632,0.8445229681978799,0.0357653791130186,0.5,0.4142857142857143,0.8181818181818182,0.6086956521739131
0.9379407616361072,0.6925795053003534,0.977110157367668,0.575,0.45714285714285713,0.8181818181818182,0.6956521739130435
0.614950634696756,0.6925795053003534,0.9256080114449213,0.65,0.5714285714285714,0.8181818181818182,0.5217391304347826
0.4837799717912553,0.6925795053003534,0.3490701001430615,0.475,0.4,0.8181818181818182,0.782608695652174
0.8265162200282088,0.6925795053003534,0.13733905579399142,0.525,0.4714285714285714,0.8181818181818182,0.6086956521739131
0.27221438645980256,0.6925795053003534,0.4177396280400572,0.45,0.37142857142857144,0.8181818181818182,0.7391304347826086
0.11283497884344147,0.6925795053003534,0.8597997138769671,0.55,0.5,0.8181818181818182,0.8695652173913043
0.8617771509167842,0.6925795053003534,0.4005722460658083,0.6,0.5428571428571428,0.8181818181818182,0.6521739130434783
0.22143864598025387,0.6925795053003534,0.7553648068669528,0.5,0.42857142857142855,0.8181818181818182,0.9565217391304348
0.5246826516220028,0.6925795053003534,0.8025751072961373,0.625,0.5571428571428572,0.8181818181818182,0.6086956521739131
0.46544428772919605,0.6925795053003534,0.2145922746781116,0.475,0.38571428571428573,0.8181818181818182,0.6956521739130435
0.6516220028208745,0.6925795053003534,0.027181688125894134,0.575,0.4857142857142857,0.8181818181818182,0.782608695652174
0.6304654442877292,0.6925795053003534,0.821173104434907,0.5,0.4142857142857143,0.8181818181818182,0.5217391304347826
0.6784203102961918,0.6925795053003534,0.9985693848354793,0.45,0.35714285714285715,0.8181818181818182,0.7391304347826086
0.8603667136812412,0.6925795053003534,0.8454935622317596,0.55,0.4714285714285714,0.8181818181818182,0.8695652173913043
0.6502115655853314,0.4911660777385159,0.5379113018597997,0.675,0.6,0.8181818181818182,0.6521739130434783
0.8899858956276445,0.4911660777385159,0.5493562231759657,0.6,0.5428571428571428,0.8181818181818182,0.5217391304347826
0.16784203102961917,0.4911660777385159,0.36623748211731044,0.475,0.4,0.8181818181818182,0.6956521739130435
0.07898448519040903,0.4911660777385159,0.7224606580829757,0.525,0.45714285714285713,0.8181818181818182,0.782608695652174
0.2059238363892807,0.4911660777385159,0.3648068669527897,0.65,0.5714285714285714,0.8181818181818182,0.6086956521739131
0.9139633286318759,0.4911660777385159,0.9613733905579399,0.575,0.5,0.8181818181818182,0.7391304347826086
0.11706629055007052,0.4911660777385159,0.10300429184549356,0.55,0.4714285714285714,0.8181818181818182,0.8695652173913043
0.21720733427362482,0.4911660777385159,0.899856938483548,0.575,0.4857142857142857,0.9090909090909091,0.6956521739130435
0.4090267983074753,0.4911660777385159,0.8912732474964234,0.65,0.5857142857142857,0.7272727272727273,0.5217391304347826
0.07475317348377997,0.4911660777385159,0.46494992846924177,0.5,0.4142857142857143,0.6363636363636364,0.782608695652174
0.6614950634696756,0.4911660777385159,0.932761087267525,0.625,0.5428571428571428,0.45454545454545453,0.6086956521739131
0.3610719322990127,0.4911660777385159,0.08297567954220315,0.55,0.45714285714285713,0.2727272727272727,0.7391304347826086
0.7559943582510579,0.4911660777385159,0.7639484978540773,0.525,0.4714285714285714,0.09090909090909091,0.8695652173913043
0.011283497884344146,0.4911660777385159,0.8640915593705293,0.6,0.5285714285714286,0.9090909090909091,0.6521739130434783
0.7503526093088858,0.9858657243816255,0.1402002861230329,0.0,0.014285714285714285,0.18181818181818182,0.13043478260869565
0.021156558533145273,0.9893992932862191,0.35050071530758226,0.0,0.04285714285714286,0.09090909090909091,0.21739130434782608
0.021156558533145273,0.9929328621908127,0.35050071530758226,0.0,0.04285714285714286,0.09090909090909091,0.21739130434782608
0.021156558533145273,0.9964664310954063,0.35050071530758226,0.0,0.04285714285714286,0.09090909090909091,0.21739130434782608
0.9717912552891397,1.0,0.5336194563662375,0.3,0.014285714285714285,0.9090909090909091,0.4782608695652174
0.9717912552891397,1.0,0.5336194563662375,0.3,0.014285714285714285,0.9090909090909091,0.4782608695652174
0.9717912552891397,1.0,0.5336194563662375,0.3,0.014285714285714285,0.9090909090909091,0.4782608695652174
0.9717912552891397,1.0,0.5336194563662375,0.3,0.014285714285714285,0.9090909090909091,0.4782608695652174
